metric,value
threshold,0.2
accuracy,0.9130434782608695
roc_auc,0.8668972901737912
pr_auc_ap,0.5951556116627005
precision,0.6923076923076923
recall,0.47368421052631576
f1,0.5625
balanced_accuracy,0.7227575982209044
