metric,value
accuracy,0.8170731707317073
roc_auc,0.8643646723646724
confusion_matrix,"[[363  12]
 [ 78  39]]"
