metric,value
accuracy,0.9329268292682927
roc_auc,0.9765584045584046
