metric,value
accuracy,0.9026915113871635
roc_auc,0.8790462070669631
