metric,value
threshold,0.2
accuracy,0.9109730848861284
roc_auc,0.8728148551006139
pr_auc_ap,0.6146732991917586
precision,0.6956521739130435
recall,0.5245901639344263
f1,0.5981308411214953
balanced_accuracy,0.7457074042420946
