metric,value
threshold,0.2
accuracy,0.9233954451345756
roc_auc,0.9015228032009945
pr_auc_ap,0.7107654695400867
precision,0.7142857142857143
recall,0.6557377049180327
f1,0.6837606837606838
balanced_accuracy,0.8089115064874524
