metric,value
accuracy,0.9219330855018587
roc_auc,0.8548192771084338
confusion_matrix,"[[247   2]
 [ 19   1]]"
