metric,value
accuracy,0.823170731707317
roc_auc,0.8228529990676474
confusion_matrix,"[[386   8]
 [ 79  19]]"
