metric,value
accuracy,0.9085365853658537
roc_auc,0.9601937221589144
