metric,value
accuracy,0.9591078066914498
roc_auc,0.9737951807228916
