metric,value
accuracy,0.9702602230483272
roc_auc,0.9441767068273093
