metric,value
accuracy,0.943089430894309
roc_auc,0.9815384615384615
